outcome,term,estimate,std.error,statistic,p.value,lwr,upr,model
w4.cigarettes,(Intercept),1.44436787126846,0.241938641122673,5.96997595988028,2.37288548318114e-09,0.970176848199459,1.91855889433746,model 0
w4.cigarettes,w1.GE_male_std,0.0834173158839767,0.0461218863857768,1.80862758271095,0.0705088803484471,-0.00697992033119398,0.173814552099147,model 0
w4.cigarettes,raceNon Hispanic Black/Af-Am,-0.743071794934154,0.142550607225474,-5.21268768612699,1.86124101258051e-07,-1.0224658510704,-0.46367773879791,model 0
w4.cigarettes,raceNon Hispanic Asian/Pacific Islander,-0.33381576717026,0.261569797995735,-1.27620149469895,0.201884300413615,-0.846483150685318,0.178851616344797,model 0
w4.cigarettes,raceHispanic,-0.767274060716613,0.189552510923201,-4.04781797392006,5.16973248882237e-05,-1.13879015530522,-0.395757966128004,model 0
w4.cigarettes,raceMultiple Races or Other,-0.10003453700648,0.188696653544459,-0.530134133952252,0.596018934272516,-0.469873181956853,0.269804107943893,model 0
w4.cigarettes,pseudo.gpa,-0.570562198584728,0.0720078135777845,-7.92361509447018,2.30703018028029e-15,-0.71169491980266,-0.429429477366796,model 0
w4.cigarettes,sespc_al,0.0481267315517102,0.0423027121087063,1.13767484760877,0.255256279945207,-0.0347850606297206,0.131038523733141,model 0
w4.cigarettes,nhood1_d,0.0115866164611469,0.00580055382523198,1.99750175763321,0.0457707037169257,0.000217739873306189,0.0229554930489876,model 0
,,,,,,,,
w4.cigarettes,(Intercept),0.659729335610827,0.263214815259527,2.50642933970241,0.0121957431155142,0.143837777504791,1.17562089371686,model 1
w4.cigarettes,w1.GE_male_std,0.0469099770608078,0.0478307586264548,0.980749174964209,0.326716447428783,-0.0468365872002722,0.140656541321888,model 1
w4.cigarettes,raceNon Hispanic Black/Af-Am,-0.495499226232209,0.158790208591234,-3.12046460942531,0.00180565993784734,-0.80672231616863,-0.184276136295787,model 1
w4.cigarettes,raceNon Hispanic Asian/Pacific Islander,-0.120193741894643,0.282467267784413,-0.425513875775435,0.670462108576079,-0.673819413563523,0.433431929774236,model 1
w4.cigarettes,raceHispanic,-0.639106855672148,0.189421418085215,-3.37399467353071,0.000740858012499746,-1.01036601301967,-0.267847698324623,model 1
w4.cigarettes,raceMultiple Races or Other,-0.00614919911224079,0.192850453244057,-0.0318858421580105,0.974563089220857,-0.384129141872818,0.371830743648336,model 1
w4.cigarettes,pseudo.gpa,-0.444056342628532,0.0729880938590372,-6.0839558776003,1.17252884313232e-09,-0.587110377892474,-0.30100230736459,model 1
w4.cigarettes,sespc_al,0.0508914941084342,0.0431853263855171,1.17844412368506,0.238619595892701,-0.0337501902677866,0.135533178484655,model 1
w4.cigarettes,nhood1_d,0.0114804791970689,0.00577877150153975,1.98666432718614,0.0469596074789162,0.000154295179164552,0.0228066632149733,model 1
w4.cigarettes,w1.cigarettes,1.65948853615697,0.115377790524241,14.3830847220836,6.60822642666553e-47,1.43335222211365,1.88562485020029,model 1
,,,,,,,,
w4.cigarettes,(Intercept),0.61618454001856,0.262172012468846,2.3503063283377,0.0187579665188596,0.102336837825235,1.13003224221189,model 2
w4.cigarettes,w4.GE_male_std,0.337174529616941,0.051186288189051,6.58720414286779,4.48185866033172e-11,0.236851248264113,0.437497810969769,model 2
w4.cigarettes,raceNon Hispanic Black/Af-Am,-0.46829320318558,0.161429443687648,-2.90091567243263,0.00372073992351919,-0.784689098857708,-0.151897307513453,model 2
w4.cigarettes,raceNon Hispanic Asian/Pacific Islander,-0.0220924554985324,0.283328466203871,-0.0779747118054689,0.93784816878842,-0.577406045053093,0.533221134056029,model 2
w4.cigarettes,raceHispanic,-0.638863275819914,0.190600377401021,-3.35184685639815,0.000802744107920071,-1.01243315096566,-0.26529340067417,model 2
w4.cigarettes,raceMultiple Races or Other,0.0174390769026108,0.21326320615927,0.0817725533469982,0.934827582216682,-0.400549126397099,0.43542728020232,model 2
w4.cigarettes,pseudo.gpa,-0.447226031094517,0.0735032624729226,-6.08443783375285,1.16900748409688e-09,-0.59128977828764,-0.303162283901394,model 2
w4.cigarettes,sespc_al,0.0551923481411825,0.0445266419089995,1.23953538319779,0.215147293592185,-0.0320782663529683,0.142462962635333,model 2
w4.cigarettes,nhood1_d,0.0125089615383992,0.00589376720109635,2.12240509534756,0.0338037346843905,0.000957390090986939,0.0240605329858115,model 2
w4.cigarettes,w1.cigarettes,1.63469950549413,0.118923059097831,13.7458581867572,5.3929754461764e-43,1.40161459273105,1.8677844182572,model 2
,,,,,,,,
w4.cigarettes,(Intercept),0.669613712494577,0.260078630319979,2.57465871636874,0.0100339038602225,0.159868963918912,1.17935846107024,model 3
w4.cigarettes,delta_w1_w4_GE,0.16157990360212,0.0381267338093719,4.23796867599507,2.25551228117906e-05,0.0868528784876058,0.236306928716635,model 3
w4.cigarettes,raceNon Hispanic Black/Af-Am,-0.429580708921823,0.160279615590905,-2.68019552790966,0.00735791672885772,-0.743722982935921,-0.115438434907725,model 3
w4.cigarettes,raceNon Hispanic Asian/Pacific Islander,-0.0949850709533236,0.272950708056604,-0.347993495344316,0.727845068526948,-0.629958628298974,0.439988486392327,model 3
w4.cigarettes,raceHispanic,-0.65755671805232,0.192140401835089,-3.42227200407694,0.000621001550471053,-1.03414498562415,-0.280968450480491,model 3
w4.cigarettes,raceMultiple Races or Other,0.0363690278342658,0.206640541623344,0.176001415542928,0.86029283036498,-0.368638991493338,0.441377047161869,model 3
w4.cigarettes,pseudo.gpa,-0.463668007724818,0.0738001354083132,-6.28275280471353,3.32629743396336e-10,-0.608313615179292,-0.319022400270345,model 3
w4.cigarettes,sespc_al,0.0511172430313692,0.0446383155029735,1.14514274240398,0.252150032244906,-0.0363722476849947,0.138606733747733,model 3
w4.cigarettes,nhood1_d,0.0121381962123546,0.0057289297576408,2.11875458870231,0.0341112123337744,0.000909700217418886,0.0233666922072904,model 3
w4.cigarettes,w1.cigarettes,1.67026148702245,0.11577934756826,14.4262471857316,3.53815786925121e-47,1.44333813563512,1.89718483840979,model 3
,,,,,,,,
w4.cigarettes,(Intercept),0.615915171282014,0.261738838139636,2.35316690354309,0.0186142768867284,0.102916475172969,1.12891386739106,model 4
w4.cigarettes,w1.GE_male_std,0.00197184174672398,0.0497196767740983,0.0396591827352994,0.968364843515481,-0.0954769340534812,0.0994206175469292,model 4
w4.cigarettes,w4.GE_male_std,0.336898186609207,0.0520332541934878,6.47467070493875,9.5018933713692e-11,0.234914882391553,0.438881490826861,model 4
w4.cigarettes,raceNon Hispanic Black/Af-Am,-0.468881700332808,0.162387046888569,-2.88743289145814,0.00388399449921819,-0.787154463790219,-0.150608936875397,model 4
w4.cigarettes,raceNon Hispanic Asian/Pacific Islander,-0.0219139531483332,0.283300358935888,-0.0773523663388383,0.938343233344213,-0.577172453469943,0.533344547173277,model 4
w4.cigarettes,raceHispanic,-0.63868822585574,0.190173589941167,-3.35844859453581,0.000783812982952583,-1.01142161295112,-0.265954838760365,model 4
w4.cigarettes,raceMultiple Races or Other,0.0171154775813324,0.214086270686461,0.0799466379906203,0.936279696758257,-0.402485902548624,0.436716857711289,model 4
w4.cigarettes,pseudo.gpa,-0.447038565056787,0.0729437443383702,-6.12853876794523,8.86898201383613e-10,-0.59000567685749,-0.304071453256084,model 4
w4.cigarettes,sespc_al,0.0552094014104263,0.0445723501356156,1.23864685713108,0.215476307245052,-0.0321507995616893,0.142569602382542,model 4
w4.cigarettes,nhood1_d,0.0125064780275639,0.00588963185515516,2.12347364574529,0.0337141816270446,0.000963011709260001,0.0240499443458679,model 4
w4.cigarettes,w1.cigarettes,1.6344829574977,0.11986996891027,13.6354666006563,2.46409744930099e-42,1.39954213560563,1.86942377938977,model 4
,,,,,,,,
w4.cigarettes,(Intercept),0.282357146031316,0.281764381481702,1.0021037596963,0.316293482261477,-0.269890893799024,0.834605185861656,model 5
w4.cigarettes,delta_w1_w4_GE,0.30713251839817,0.0689999866102815,4.45119678258612,8.53930447848838e-06,0.171895029708272,0.442370007088068,model 5
w4.cigarettes,above_school_avg,0.563762410545627,0.14114533993738,3.99419783037644,6.49136480436372e-05,0.2871226276827,0.840402193408554,model 5
w4.cigarettes,raceNon Hispanic Black/Af-Am,-0.436071602770026,0.161241330034027,-2.70446542879547,0.00684143882362727,-0.752098802456055,-0.120044403083998,model 5
w4.cigarettes,raceNon Hispanic Asian/Pacific Islander,-0.0415858033341133,0.281538608164335,-0.147709060598323,0.882572380756286,-0.593391335593744,0.510219728925518,model 5
w4.cigarettes,raceHispanic,-0.657167193514293,0.195197625450598,-3.3666761672806,0.000760799709465776,-1.0397475092652,-0.274586877763383,model 5
w4.cigarettes,raceMultiple Races or Other,-0.00260384974297302,0.211410603220386,-0.0123165522604305,0.990173061563308,-0.416961018004818,0.411753318518872,model 5
w4.cigarettes,pseudo.gpa,-0.451415276121432,0.0745205722454306,-6.05759272264728,1.38173697964533e-09,-0.597472913829791,-0.305357638413072,model 5
w4.cigarettes,sespc_al,0.048229160891315,0.0448977749603599,1.07419935473186,0.282733341543027,-0.0397688610169746,0.136227182799605,model 5
w4.cigarettes,nhood1_d,0.0119319055401668,0.00575377128691889,2.07375388161393,0.0381021742864115,0.000654721042525102,0.0232090900378085,model 5
w4.cigarettes,w1.cigarettes,1.63917704387137,0.118154881336763,13.8731216630772,9.21762264561418e-44,1.40759773185371,1.87075635588903,model 5
w4.cigarettes,delta_w1_w4_GE:above_school_avg,-0.0558999675822073,0.0859202291413864,-0.650603101747097,0.515302727595542,-0.224300522242754,0.112500587078339,model 5
,,,,,,,,
w4.marijuana,(Intercept),1.28205366290894,0.216603213385868,5.91890416983347,3.24093724521293e-09,0.857519165736996,1.70658816008089,model 0
w4.marijuana,w1.GE_male_std,0.16995234238375,0.0416289785553364,4.08254894262748,4.45444270771963e-05,0.0883610437021009,0.2515436410654,model 0
w4.marijuana,raceNon Hispanic Black/Af-Am,-0.469171184920855,0.162258828898646,-2.89149865129323,0.00383409238290511,-0.787192645735849,-0.151149724105861,model 0
w4.marijuana,raceNon Hispanic Asian/Pacific Islander,-0.204844788415392,0.223365476963076,-0.917083477717796,0.359098898258747,-0.642633078652631,0.232943501821848,model 0
w4.marijuana,raceHispanic,-0.288403710789666,0.167114166284557,-1.72578852650098,0.0843854647093332,-0.615941458013834,0.0391340364345034,model 0
w4.marijuana,raceMultiple Races or Other,0.00846880683409028,0.222670679765384,0.0380328781634538,0.969661468000268,-0.427957705919113,0.444895319587294,model 0
w4.marijuana,pseudo.gpa,-0.192604347972708,0.0585563048442709,-3.2892162250493,0.00100466809524216,-0.307372596535228,-0.0778360994101893,model 0
w4.marijuana,sespc_al,0.129094036009079,0.0369511095276209,3.49364437656685,0.000476475266109246,0.0566711921461469,0.201516879872011,model 0
w4.marijuana,nhood1_d,-0.00805327078777205,0.00516796560890432,-1.55830580100928,0.119160774475185,-0.0181822972545661,0.00207575567902203,model 0
,,,,,,,,
w4.marijuana,(Intercept),0.567916297064261,0.227325978196889,2.49824635780247,0.0124809423121279,0.122365567048021,1.0134670270805,model 1
w4.marijuana,w1.GE_male_std,0.138396472214417,0.0415819345858853,3.328283630685,0.000873828529776658,0.0568973780185811,0.219895566410252,model 1
w4.marijuana,raceNon Hispanic Black/Af-Am,-0.436851903535148,0.16384266548446,-2.66628904164515,0.00766937228889832,-0.757977627015734,-0.115726180054562,model 1
w4.marijuana,raceNon Hispanic Asian/Pacific Islander,-0.160968525050664,0.204866873238073,-0.785722564641302,0.432030040711858,-0.56250021822262,0.240563168121293,model 1
w4.marijuana,raceHispanic,-0.36534485431965,0.174900093724491,-2.08887740732234,0.0367187600624271,-0.708142738912332,-0.0225469697269673,model 1
w4.marijuana,raceMultiple Races or Other,-0.0410880721364033,0.212398153216983,-0.193448349310402,0.846607853200419,-0.457380802824511,0.375204658551704,model 1
w4.marijuana,pseudo.gpa,-0.0480286432827691,0.0612696452867808,-0.783889690530516,0.433104839587676,-0.168114941390404,0.0720576548248656,model 1
w4.marijuana,sespc_al,0.118079191723746,0.0378344830305519,3.12094106395996,0.0018027410930056,0.0439249676101721,0.192233415837319,model 1
w4.marijuana,nhood1_d,-0.00861607393517441,0.00481983580684411,-1.78762810196557,0.0738360284876788,-0.0180627785279854,0.000830630657636597,model 1
w4.marijuana,w1.marijuana,1.45421595344018,0.148107945964574,9.81862211354962,9.3614310996064e-23,1.16392971352541,1.74450219335495,model 1
,,,,,,,,
w4.marijuana,(Intercept),0.519109785759589,0.232283807055882,2.2348083249501,0.0254299350813772,0.0638418897382091,0.97437768178097,model 2
w4.marijuana,w4.GE_male_std,0.360781954968011,0.0484545585089624,7.44577942860173,9.63737106825979e-14,0.265812765403656,0.455751144532367,model 2
w4.marijuana,raceNon Hispanic Black/Af-Am,-0.384273829776801,0.16395610769741,-2.34376038302885,0.0190904316582513,-0.705621895909095,-0.0629257636445065,model 2
w4.marijuana,raceNon Hispanic Asian/Pacific Islander,-0.0457857854800252,0.18487124774236,-0.247663095474062,0.804395087946251,-0.408126772832033,0.316555201871983,model 2
w4.marijuana,raceHispanic,-0.357385979421433,0.175729044040376,-2.0337331337176,0.0419785095377275,-0.701808576778224,-0.0129633820646426,model 2
w4.marijuana,raceMultiple Races or Other,-0.0186669464255072,0.217873442929546,-0.0856779338248379,0.931722443871042,-0.44569104775516,0.408357154904145,model 2
w4.marijuana,pseudo.gpa,-0.0488873557741986,0.0605510999296176,-0.807373537904737,0.419451307884605,-0.167565330860535,0.0697906193121377,model 2
w4.marijuana,sespc_al,0.1237343464174,0.0369157615980193,3.351802619292,0.000802872381244324,0.0513807832234156,0.196087909611385,model 2
w4.marijuana,nhood1_d,-0.00760300821310928,0.00489085757810409,-1.55453478080148,0.120056906978494,-0.0171889129197081,0.00198289649348953,model 2
w4.marijuana,w1.marijuana,1.44296163888922,0.153481284163674,9.40154786136946,5.37662039526356e-21,1.14214384962747,1.74377942815098,model 2
,,,,,,,,
w4.marijuana,(Intercept),0.576933276430662,0.223194043395236,2.58489549118037,0.00974085179908519,0.139480989812129,1.01438556304919,model 3
w4.marijuana,delta_w1_w4_GE,0.126125315570456,0.0357127142030472,3.53166423737389,0.000412953333292228,0.0561296819423116,0.196120949198601,model 3
w4.marijuana,raceNon Hispanic Black/Af-Am,-0.362949775754802,0.163075703209193,-2.2256520659562,0.0260374958094536,-0.682572280798363,-0.0433272707112401,model 3
w4.marijuana,raceNon Hispanic Asian/Pacific Islander,-0.133218165530838,0.185365792594014,-0.71867718237858,0.472339845446774,-0.496528442980826,0.23009211191915,model 3
w4.marijuana,raceHispanic,-0.388218200250004,0.181704604017177,-2.13653474742613,0.0326358518683058,-0.744352679948783,-0.0320837205512259,model 3
w4.marijuana,raceMultiple Races or Other,-0.00278279109441116,0.215603981175969,-0.0129069559812067,0.989702025018866,-0.425358829122762,0.41979324693394,model 3
w4.marijuana,pseudo.gpa,-0.0687680658568538,0.059420575102201,-1.15731067460346,0.247145453862251,-0.185230252997825,0.0476941212841175,model 3
w4.marijuana,sespc_al,0.115460010379477,0.0379746204519137,3.04045199149998,0.00236223348275035,0.0410311219671479,0.189888898791806,model 3
w4.marijuana,nhood1_d,-0.00786949868172279,0.00484400771073187,-1.62458425990693,0.104251173216483,-0.0173635793355916,0.00162458197214599,model 3
w4.marijuana,w1.marijuana,1.47947726926844,0.147283268036228,10.0451143500192,9.65356504450288e-24,1.19080736839207,1.7681471701448,model 3
,,,,,,,,
w4.marijuana,(Intercept),0.510383283290745,0.23466724193896,2.17492343231913,0.0296358546363448,0.0504439407390375,0.970322625842453,model 4
w4.marijuana,w1.GE_male_std,0.0909090918090298,0.0437467951047649,2.07807432730376,0.0377025138084386,0.00516694896463754,0.176651234653422,model 4
w4.marijuana,w4.GE_male_std,0.347919544051072,0.0491532689038396,7.07825851281061,1.45977227162972e-12,0.251580907277134,0.44425818082501,model 4
w4.marijuana,raceNon Hispanic Black/Af-Am,-0.409338394421298,0.164070087277682,-2.49489959573502,0.0125992775251948,-0.730909856425897,-0.0877669324166985,model 4
w4.marijuana,raceNon Hispanic Asian/Pacific Islander,-0.0436393068174873,0.189868362458463,-0.229839801915573,0.818216255079034,-0.415774459039672,0.328495845404697,model 4
w4.marijuana,raceHispanic,-0.347905448259174,0.173398122979173,-2.00639685298647,0.0448139238195119,-0.687759524285201,-0.00805137223314756,model 4
w4.marijuana,raceMultiple Races or Other,-0.0331069555889128,0.2175728425911,-0.152164926443201,0.87905685642701,-0.45954189108147,0.393327979903645,model 4
w4.marijuana,pseudo.gpa,-0.0408904307501309,0.0616117717618485,-0.663678864944625,0.506895869247261,-0.161647284427056,0.0798664229267941,model 4
w4.marijuana,sespc_al,0.125480905545593,0.0367735277107689,3.41226184587253,0.000644261949129872,0.0534061156480002,0.197555695443186,model 4
w4.marijuana,nhood1_d,-0.00775815985528046,0.00488485828061546,-1.58820571848872,0.112239828442437,-0.017332306154869,0.0018159864443081,model 4
w4.marijuana,w1.marijuana,1.43100097556961,0.154112829145877,9.28541110756639,1.61084105482541e-20,1.12894538088811,1.7330565702511,model 4
,,,,,,,,
w4.marijuana,(Intercept),0.328001197132482,0.249708780383344,1.31353489704666,0.18900276981272,-0.161419019042293,0.817421413307258,model 5
w4.marijuana,delta_w1_w4_GE,0.135094448658158,0.0631451434507156,2.13942737755594,0.0324010716518751,0.0113322416961402,0.258856655620176,model 5
w4.marijuana,above_school_avg,0.468637446493216,0.125275501283799,3.74085468978941,0.0001833955343267,0.22310197583177,0.714172917154663,model 5
w4.marijuana,raceNon Hispanic Black/Af-Am,-0.37400743374377,0.164341420979946,-2.27579530171769,0.0228582640834791,-0.6961107000326,-0.0519041674549406,model 5
w4.marijuana,raceNon Hispanic Asian/Pacific Islander,-0.0586027787227452,0.186259995454953,-0.314628906650642,0.75304342867871,-0.423665661575046,0.306460104129556,model 5
w4.marijuana,raceHispanic,-0.362085119342121,0.180994215938076,-2.00053420196589,0.0454426105422169,-0.716827263990815,-0.00734297469342715,model 5
w4.marijuana,raceMultiple Races or Other,-0.012328881800641,0.21686687820808,-0.0568499989602454,0.954664684898836,-0.437380152528111,0.412722388926829,model 5
w4.marijuana,pseudo.gpa,-0.0543047475707179,0.0606055641996714,-0.8960356740811,0.370233710525878,-0.173089470664804,0.064479975523368,model 5
w4.marijuana,sespc_al,0.115468930789065,0.0375198379819007,3.07754342768661,0.00208714424463643,0.0419313996387615,0.189006461939368,model 5
w4.marijuana,nhood1_d,-0.00785811125328023,0.00488165178500972,-1.60972383925671,0.107458158222731,-0.0174259729369649,0.00170975043040448,model 5
w4.marijuana,w1.marijuana,1.44791877439713,0.149656029372483,9.67497788407413,3.8517491872279e-22,1.15459834675779,1.74123920203646,model 5
w4.marijuana,delta_w1_w4_GE:above_school_avg,0.195915676704921,0.0805327506479475,2.43274537537374,0.0149848344302778,0.0380743858589991,0.353756967550843,model 5
,,,,,,,,
w4.drunk,(Intercept),0.856911032207234,0.208773479113417,4.10450137558763,4.05187860837401e-05,0.447722532217812,1.26609953219666,model 0
w4.drunk,w1.GE_male_std,0.140690248233244,0.0450719073423974,3.12146204873168,0.00179955441186331,0.0523509331276191,0.22902956333887,model 0
w4.drunk,raceNon Hispanic Black/Af-Am,-0.6705896164138,0.146928107257166,-4.56406625615939,5.01722331481114e-06,-0.958563414954484,-0.382615817873116,model 0
w4.drunk,raceNon Hispanic Asian/Pacific Islander,-0.258856498354338,0.256396433653504,-1.0095947695753,0.312689476559218,-0.761384274079719,0.243671277371043,model 0
w4.drunk,raceHispanic,-0.185200075594441,0.173309753537111,-1.06860734502622,0.285246637473732,-0.524880950696692,0.154480799507809,model 0
w4.drunk,raceMultiple Races or Other,-0.255356075863305,0.204109444232489,-1.2510742794069,0.210907378477681,-0.655403235463471,0.14469108373686,model 0
w4.drunk,pseudo.gpa,0.0535074744909892,0.0583413330918048,0.917145215156309,0.359066550335741,-0.0608394371790031,0.167854386160981,model 0
w4.drunk,sespc_al,0.152544490998542,0.0451190651601225,3.38093199531458,0.000722404194296003,0.0641127482685856,0.240976233728498,model 0
w4.drunk,nhood1_d,-0.0179941272880684,0.00534168436304691,-3.36862421384338,0.000755443488052516,-0.0284636362564211,-0.00752461831971566,model 0
,,,,,,,,
w4.drunk,(Intercept),0.561847332864854,0.220605829652296,2.54683810373643,0.0108703851343297,0.129467851966776,0.994226813762932,model 1
w4.drunk,w1.GE_male_std,0.107380169720034,0.045586271959615,2.35553742616115,0.0184959337460028,0.01803271848974,0.196727620950327,model 1
w4.drunk,raceNon Hispanic Black/Af-Am,-0.576845894654591,0.15149364688081,-3.80772333712736,0.000140252055518194,-0.873767986427607,-0.279923802881575,model 1
w4.drunk,raceNon Hispanic Asian/Pacific Islander,-0.147294055551456,0.25608985823659,-0.575165516376589,0.565179361954816,-0.64922095450114,0.354632843398228,model 1
w4.drunk,raceHispanic,-0.153411916045857,0.177697114159527,-0.863333750643424,0.387953992711876,-0.501691859955233,0.194868027863518,model 1
w4.drunk,raceMultiple Races or Other,-0.151111448010219,0.217301946558901,-0.69539850150058,0.486805599384455,-0.577015437036111,0.274792541015674,model 1
w4.drunk,pseudo.gpa,0.0932640791875646,0.0580440067206721,1.60678224086741,0.108102145314032,-0.0205000835033535,0.207028241878483,model 1
w4.drunk,sespc_al,0.137431389181247,0.0463248135670599,2.96669060485912,0.00301023710655518,0.046636422999277,0.228226355363217,model 1
w4.drunk,nhood1_d,-0.0187173339420634,0.00554096129349263,-3.37799398888516,0.000730166767540617,-0.0295774185170395,-0.00785724936708743,model 1
w4.drunk,w1.drunk,0.691366567313202,0.118327623583058,5.84281629579005,5.13256082470193e-09,0.459448686714196,0.923284447912208,model 1
,,,,,,,,
w4.drunk,(Intercept),0.526819143786139,0.22381438078142,2.35382168896751,0.0185815221163185,0.0881510182324227,0.965487269339855,model 2
w4.drunk,w4.GE_male_std,0.274816720494533,0.042886223363771,6.40804199902316,1.47400309736508e-10,0.190761267268601,0.358872173720464,model 2
w4.drunk,raceNon Hispanic Black/Af-Am,-0.532580925012169,0.151956398102607,-3.50482725085752,0.000456903649106486,-0.830409992513709,-0.23475185751063,model 2
w4.drunk,raceNon Hispanic Asian/Pacific Islander,-0.0697542032240944,0.236962059584503,-0.294368656933535,0.76847621456904,-0.534191305712154,0.394682899263965,model 2
w4.drunk,raceHispanic,-0.145085173536337,0.173821750601661,-0.834677898675765,0.403899088835728,-0.485769544445296,0.195599197372622,model 2
w4.drunk,raceMultiple Races or Other,-0.148278355508807,0.221099980030803,-0.670639388968509,0.502450283490253,-0.581626353351706,0.285069642334092,model 2
w4.drunk,pseudo.gpa,0.096586635459432,0.0571380236538798,1.69040910558119,0.0909497142372761,-0.0154018330499702,0.208575103968834,model 2
w4.drunk,sespc_al,0.141756243433571,0.0473788973095423,2.99197008548827,0.00277183422827927,0.0488953110796468,0.234617175787496,model 2
w4.drunk,nhood1_d,-0.0183156158970354,0.0055135878105421,-3.3219051779706,0.000894050711790013,-0.0291220494312969,-0.00750918236277382,model 2
w4.drunk,w1.drunk,0.66166716818751,0.119220741495751,5.54993334118034,2.85778541078663e-08,0.427998808645678,0.895335527729342,model 2
,,,,,,,,
w4.drunk,(Intercept),0.561430004963038,0.220713722627526,2.5437023048653,0.0109684520373308,0.128839057719324,0.994020952206751,model 3
w4.drunk,delta_w1_w4_GE,0.0928875404099239,0.0324143458466068,2.8656305713986,0.00416179604176971,0.029356589968149,0.156418490851699,model 3
w4.drunk,raceNon Hispanic Black/Af-Am,-0.51291943801316,0.154610608950093,-3.31749186874185,0.000908295594234157,-0.815950663183149,-0.209888212843171,model 3
w4.drunk,raceNon Hispanic Asian/Pacific Islander,-0.132653438630288,0.234353838103662,-0.566039112922961,0.571367192184132,-0.591978520952196,0.32667164369162,model 3
w4.drunk,raceHispanic,-0.168038629079965,0.176497064552995,-0.952076055800406,0.341058411381066,-0.513966518980875,0.177889260820946,model 3
w4.drunk,raceMultiple Races or Other,-0.124145202382643,0.217607693223274,-0.57050006157303,0.568338580364278,-0.550648443859101,0.302358039093815,model 3
w4.drunk,pseudo.gpa,0.0791464989960013,0.0559805318850922,1.41382184718181,0.157414217229793,-0.0305733273341755,0.188866325326178,model 3
w4.drunk,sespc_al,0.135221332174707,0.0470701982554874,2.87275892573796,0.00406904486528707,0.0429654388487915,0.227477225500622,model 3
w4.drunk,nhood1_d,-0.0182645325119409,0.00555029021321499,-3.29073468418892,0.00099926110978426,-0.0291429014335874,-0.00738616359029437,model 3
w4.drunk,w1.drunk,0.723774811996849,0.116420421835167,6.21690593959194,5.07053499292719e-10,0.495594978134961,0.951954645858737,model 3
,,,,,,,,
w4.drunk,(Intercept),0.523653475079393,0.223779069370202,2.34004671014653,0.0192813282304729,0.0850545586199073,0.962252391538879,model 4
w4.drunk,w1.GE_male_std,0.0733394689883394,0.0461776044880699,1.58820427783964,0.112240154104469,-0.0171669727006127,0.163845910677291,model 4
w4.drunk,w4.GE_male_std,0.264930954579299,0.0430460612783769,6.15459223704586,7.52709066701339e-10,0.180562224797376,0.349299684361222,model 4
w4.drunk,raceNon Hispanic Black/Af-Am,-0.555520858059202,0.150757213742456,-3.68487082155962,0.000228818662883471,-0.850999567404022,-0.260042148714382,model 4
w4.drunk,raceNon Hispanic Asian/Pacific Islander,-0.0678985717014982,0.243944405682719,-0.278336252522261,0.780754249663724,-0.546020821069656,0.410223677666659,model 4
w4.drunk,raceHispanic,-0.137998278263603,0.174020176975831,-0.79300159706635,0.427776892294986,-0.479071557719519,0.203075001192313,model 4
w4.drunk,raceMultiple Races or Other,-0.159405038805063,0.221206001474035,-0.720618056213875,0.471144541471164,-0.592960834858284,0.274150757248159,model 4
w4.drunk,pseudo.gpa,0.102773418753429,0.0579883982677684,1.77231001068283,0.0763431103994743,-0.0108817533725621,0.21642859087942,model 4
w4.drunk,sespc_al,0.143220426003414,0.0471033453611292,3.04055741487956,0.00236140664049447,0.0508995655442491,0.235541286462579,model 4
w4.drunk,nhood1_d,-0.0184562397559617,0.00552227648046455,-3.34214337533659,0.0008313410700438,-0.0292797027703448,-0.00763277674157855,model 4
w4.drunk,w1.drunk,0.644639817104312,0.120005756805318,5.37174077532041,7.79801559801174e-08,0.409432855828416,0.879846778380208,model 4
,,,,,,,,
w4.drunk,(Intercept),0.317975662553561,0.231163726419229,1.37554307277818,0.168963141673502,-0.135096915760197,0.771048240867319,model 5
w4.drunk,delta_w1_w4_GE,0.145137071431856,0.057085606507366,2.54244599140991,0.01100796120855,0.0332513386417934,0.257022804221919,model 5
w4.drunk,above_school_avg,0.415515729975768,0.111184713819267,3.73716597994932,0.000186106077108375,0.197597695258611,0.633433764692925,model 5
w4.drunk,raceNon Hispanic Black/Af-Am,-0.522735361646968,0.153519664103567,-3.40500589744856,0.000661626249397182,-0.823628374208647,-0.22184234908529,model 5
w4.drunk,raceNon Hispanic Asian/Pacific Islander,-0.0860152042069569,0.237108418091885,-0.362767399399645,0.716778646785586,-0.550739164098317,0.378708755684403,model 5
w4.drunk,raceHispanic,-0.153975407604379,0.172384032136089,-0.893211544575214,0.371743896881344,-0.491841902100909,0.18389108689215,model 5
w4.drunk,raceMultiple Races or Other,-0.155334326019504,0.218671115787754,-0.710355940060572,0.477483438319779,-0.583921837422691,0.273253185383682,model 5
w4.drunk,pseudo.gpa,0.0934100385956615,0.0573201733625752,1.62961891278315,0.103182064653194,-0.018935436782578,0.205755513973901,model 5
w4.drunk,sespc_al,0.135132247470983,0.047291910269869,2.85740725421868,0.00427117435246402,0.0424418065819395,0.227822688360026,model 5
w4.drunk,nhood1_d,-0.0185554750616362,0.00554364149104382,-3.3471636092655,0.000816430092885623,-0.029420812727284,-0.0076901373959884,model 5
w4.drunk,w1.drunk,0.673902553924917,0.116581720953376,5.78051643442822,7.44716623963777e-09,0.445406579600601,0.902398528249233,model 5
w4.drunk,delta_w1_w4_GE:above_school_avg,0.0769611905269734,0.0856050541002006,0.899026247175669,0.368638680275652,-0.0908216324040225,0.244744013457969,model 5
,,,,,,,,
w4.recreational,(Intercept),0.495046041374934,0.250490290227709,1.97630830690048,0.0481198693518226,0.0040940940516393,0.985997988698229,model 0
w4.recreational,w1.GE_male_std,0.112828471610574,0.0457780995712502,2.46468229715313,0.0137134784967455,0.0231050451702348,0.202551898050913,model 0
w4.recreational,raceNon Hispanic Black/Af-Am,-1.9099686299656,0.175441659882135,-10.8866310957657,1.33487255047784e-27,-2.25382796472251,-1.56610929520869,model 0
w4.recreational,raceNon Hispanic Asian/Pacific Islander,-0.490109617674316,0.189794136541505,-2.582322228733,0.00981379073888966,-0.862099289772544,-0.118119945576088,model 0
w4.recreational,raceHispanic,-0.32987038972382,0.177767492037117,-1.85562830382365,0.0635065564905428,-0.678288271738581,0.0185474922909404,model 0
w4.recreational,raceMultiple Races or Other,0.000925296571961249,0.212265777838449,0.00435914155067178,0.996521919273517,-0.415107983141779,0.416958576285702,model 0
w4.recreational,pseudo.gpa,-0.202288853420714,0.0618023074057845,-3.27316020893065,0.00106352177643666,-0.323419150097525,-0.0811585567439035,model 0
w4.recreational,sespc_al,0.0880107917650073,0.0411168214426569,2.14050572678023,0.0323139184898965,0.00742330257863545,0.168598280951379,model 0
w4.recreational,nhood1_d,-0.0109363393088661,0.00617751961686853,-1.77034473172744,0.0766697306359405,-0.0230440552717181,0.00117137665398589,model 0
,,,,,,,,
w4.recreational,(Intercept),0.186178158726753,0.254502151215943,0.731538644515357,0.464450209090418,-0.312636891644462,0.684993209097968,model 1
w4.recreational,w1.GE_male_std,0.115445833024744,0.0447404350234282,2.58034668112394,0.00987011732768224,0.0277561917261705,0.203135474323318,model 1
w4.recreational,raceNon Hispanic Black/Af-Am,-1.72113987312101,0.176333976639386,-9.76068200764764,1.66034856243672e-22,-2.06674811658493,-1.37553162965709,model 1
w4.recreational,raceNon Hispanic Asian/Pacific Islander,-0.391943405543124,0.192919044342177,-2.0316470407553,0.0421894008555335,-0.770057784385677,-0.0138290267005716,model 1
w4.recreational,raceHispanic,-0.264875973896548,0.185308536219764,-1.42937815655951,0.152895573165448,-0.628074030915121,0.0983220831220252,model 1
w4.recreational,raceMultiple Races or Other,0.0453416902007338,0.211191068105241,0.214695112854579,0.830005033113513,-0.368585197142083,0.459268577543551,model 1
w4.recreational,pseudo.gpa,-0.152837614403908,0.0610548565171297,-2.5032834916421,0.0123046939561264,-0.272502934258743,-0.033172294549073,model 1
w4.recreational,sespc_al,0.0786288994900355,0.040384891763972,1.94698799614418,0.0515361738077115,-0.000524033886897798,0.157781832866969,model 1
w4.recreational,nhood1_d,-0.0121589882355597,0.00605845233801477,-2.0069462557733,0.044755385875007,-0.0240333366201212,-0.000284639850998308,model 1
w4.recreational,w1.recreational,1.30055874359217,0.1612430857137,8.06582643736688,7.27420915065173e-16,0.984528102837215,1.61658938434713,model 1
,,,,,,,,
w4.recreational,(Intercept),0.102389941305317,0.249676162025944,0.410090977346398,0.681739211144691,-0.38696634406372,0.591746226674354,model 2
w4.recreational,w4.GE_male_std,0.395352089385203,0.0542191595801518,7.29174137789348,3.05974095065169e-13,0.289084489336075,0.50161968943433,model 2
w4.recreational,raceNon Hispanic Black/Af-Am,-1.67964600303155,0.17352456537718,-9.67958628440076,3.68202932581906e-22,-2.01974790160379,-1.33954410445931,model 2
w4.recreational,raceNon Hispanic Asian/Pacific Islander,-0.287589623172538,0.198220213020369,-1.45085921758638,0.146819066053423,-0.676094101700319,0.100914855355242,model 2
w4.recreational,raceHispanic,-0.246021021746591,0.184583020403942,-1.33284752415578,0.182581846266398,-0.607797093895939,0.115755050402758,model 2
w4.recreational,raceMultiple Races or Other,0.0828718688354504,0.20784380434083,0.398721862786701,0.690098156753246,-0.324494502082366,0.490238239753267,model 2
w4.recreational,pseudo.gpa,-0.148686879575059,0.0596664173695389,-2.49196928741639,0.0127037021775688,-0.26563090870589,-0.0317428504442277,model 2
w4.recreational,sespc_al,0.0849430989933801,0.040168076809882,2.11469170892649,0.0344562314767587,0.00621511511777283,0.163671082868987,model 2
w4.recreational,nhood1_d,-0.0117233887331332,0.00603500319908501,-1.94256545463151,0.0520686842309568,-0.0235517776499238,0.000105000183657441,model 2
w4.recreational,w1.recreational,1.31133188886131,0.159368694472015,8.22829033773369,1.89904338245072e-16,0.998974987432997,1.62368879028963,model 2
,,,,,,,,
w4.recreational,(Intercept),0.205125556603877,0.247357634110798,0.829267135179649,0.406953263347268,-0.279686497554323,0.689937610762077,model 3
w4.recreational,delta_w1_w4_GE,0.143091791502169,0.0340838047989299,4.19823409816797,2.69004471739675e-05,0.0762887616401727,0.209894821364165,model 3
w4.recreational,raceNon Hispanic Black/Af-Am,-1.64575522772211,0.172489158714198,-9.54120966204613,1.41175848309888e-21,-1.98382776652555,-1.30768268891867,model 3
w4.recreational,raceNon Hispanic Asian/Pacific Islander,-0.381446933893464,0.196821016996468,-1.93803964492425,0.0526183859464183,-0.767209038607086,0.00431517082015831,model 3
w4.recreational,raceHispanic,-0.285807128787402,0.189899850940235,-1.5050413540206,0.13231344509532,-0.658003997299788,0.0863897397249838,model 3
w4.recreational,raceMultiple Races or Other,0.0882062447052208,0.213034986911558,0.414045814652219,0.678840554542989,-0.329334657088394,0.505747146498836,model 3
w4.recreational,pseudo.gpa,-0.173869834133178,0.0594359292966118,-2.92533213816664,0.00344088756860532,-0.290362114942206,-0.0573775533241502,model 3
w4.recreational,sespc_al,0.0783006420112482,0.040777058102825,1.92021312115755,0.054830984915899,-0.00162092326578586,0.158222207288282,model 3
w4.recreational,nhood1_d,-0.0117798175050999,0.00600758188035948,-1.9608251272632,0.0498994258181696,-0.0235544616247799,-5.17338541995184e-06,model 3
w4.recreational,w1.recreational,1.30846541223998,0.159296464161829,8.21402671506071,2.1389196418932e-16,0.996250079618215,1.62068074486174,model 3
,,,,,,,,
w4.recreational,(Intercept),0.0898653556391907,0.252487125439579,0.355920546375327,0.721900068274407,-0.40500031678243,0.584731028060812,model 4
w4.recreational,w1.GE_male_std,0.068253970431908,0.045515381330482,1.49958032728153,0.133723146761596,-0.0209545377184435,0.157462478582259,model 4
w4.recreational,w4.GE_male_std,0.386076238934131,0.0544802739982188,7.08653262182114,1.37513813025469e-12,0.279296864029749,0.492855613838514,model 4
w4.recreational,raceNon Hispanic Black/Af-Am,-1.70039726133451,0.176189995720772,-9.65092969313266,4.87120811994329e-22,-2.04572330738349,-1.35507121528554,model 4
w4.recreational,raceNon Hispanic Asian/Pacific Islander,-0.280119566584726,0.197706343017371,-1.41684663379826,0.156527771990682,-0.667616878413895,0.107377745244443,model 4
w4.recreational,raceHispanic,-0.239408371056648,0.183118826285343,-1.30739354283318,0.191079089224134,-0.598314675467167,0.119497933353871,model 4
w4.recreational,raceMultiple Races or Other,0.0738765869244367,0.20817542833129,0.354876593825808,0.722682044120425,-0.334139755071091,0.481892928919964,model 4
w4.recreational,pseudo.gpa,-0.142269550737725,0.0603606742737527,-2.35699074686429,0.0184237059337919,-0.260574298396833,-0.0239648030786159,model 4
w4.recreational,sespc_al,0.0856259545407843,0.0400222447641021,2.13945906946195,0.032398507413995,0.00718379622269755,0.164068112858871,model 4
w4.recreational,nhood1_d,-0.0117633559103739,0.00603850083435962,-1.94805900223435,0.0514079036498828,-0.0235986000663338,7.18882455860246e-05,model 4
w4.recreational,w1.recreational,1.30966461129406,0.15987682129224,8.19171034743128,2.57539832933634e-16,0.996311799598525,1.6230174229896,model 4
,,,,,,,,
w4.recreational,(Intercept),-0.156511740212442,0.268625902032378,-0.582638304900238,0.560136813424267,-0.683008833510488,0.369985353085604,model 5
w4.recreational,delta_w1_w4_GE,0.193665250016067,0.0607021929004154,3.19041604203299,0.00142068112950689,0.0746911381486495,0.312639361883484,model 5
w4.recreational,above_school_avg,0.574711242307739,0.117627900366502,4.88584120363512,1.02988181602761e-06,0.344164794012331,0.805257690603148,model 5
w4.recreational,raceNon Hispanic Black/Af-Am,-1.6621405267504,0.175683775677882,-9.46097908208644,3.05073116939874e-21,-2.00647439974707,-1.31780665375374,model 5
w4.recreational,raceNon Hispanic Asian/Pacific Islander,-0.305141211900311,0.202650023892561,-1.50575463076228,0.132130173973112,-0.702327960195912,0.0920455363952897,model 5
w4.recreational,raceHispanic,-0.256585810365271,0.189972697983884,-1.35064571429647,0.176808949524509,-0.628925456459589,0.115753835729046,model 5
w4.recreational,raceMultiple Races or Other,0.0748522014850231,0.212830844729713,0.351698089532475,0.725064693478398,-0.342288588984451,0.491992991954498,model 5
w4.recreational,pseudo.gpa,-0.150373807742425,0.0602896064758327,-2.49419123017004,0.0126244509947136,-0.26853926507715,-0.0322083504077,model 5
w4.recreational,sespc_al,0.0764462690169626,0.039948506434453,1.91362020360873,0.0556687016348958,-0.00185136483073182,0.154743902864657,model 5
w4.recreational,nhood1_d,-0.0120346240695634,0.00604166579770138,-1.99193806352911,0.0463778539749515,-0.0238760714396855,-0.000193176699441194,model 5
w4.recreational,w1.recreational,1.30551020748269,0.159038752044672,8.20875535489611,2.23493077009596e-16,0.993799981328941,1.61722043363645,model 5
w4.recreational,delta_w1_w4_GE:above_school_avg,0.182381319986485,0.0831075308241119,2.19452218322399,0.0281978909696121,0.0194935527271732,0.345269087245797,model 5
,,,,,,,,
w4.prescription,(Intercept),-0.74809901446769,0.263946163701782,-2.83428637103787,0.00459281542385684,-1.2654239891807,-0.230774039754684,model 0
w4.prescription,w1.GE_male_std,0.0978008748551006,0.0562658943282414,1.73819106623551,0.082177152746378,-0.012478251586189,0.20808000129639,model 0
w4.prescription,raceNon Hispanic Black/Af-Am,-1.86682091974199,0.214539003888229,-8.70154557403728,3.27394255697563e-18,-2.28730964064202,-1.44633219884196,model 0
w4.prescription,raceNon Hispanic Asian/Pacific Islander,-0.551222985521982,0.325682092925461,-1.69251855565833,0.0905471451961844,-1.18954815806551,0.087102187021548,model 0
w4.prescription,raceHispanic,-0.585494849202613,0.2392435581196,-2.44727529470164,0.0143940848481665,-1.05440360665024,-0.116586091754982,model 0
w4.prescription,raceMultiple Races or Other,0.0231100144527782,0.204815655512793,0.112833242141174,0.910162763206215,-0.378321293822258,0.424541322727814,model 0
w4.prescription,pseudo.gpa,-0.10181767317544,0.0699216046589434,-1.45616900058395,0.145345906736873,-0.238861500048217,0.0352261536973374,model 0
w4.prescription,sespc_al,0.071115974349897,0.0531036452638612,1.33919195182433,0.180508191809542,-0.032965257815062,0.175197206514856,model 0
w4.prescription,nhood1_d,0.00024526036872336,0.00577895958094476,0.0424402291256835,0.966147759019284,-0.0110812922780411,0.0115718130154878,model 0
,,,,,,,,
w4.prescription,(Intercept),-0.74809901446769,0.263946163701782,-2.83428637103787,0.00459281542385684,-1.2654239891807,-0.230774039754684,model 1
w4.prescription,w1.GE_male_std,0.0978008748551006,0.0562658943282414,1.73819106623551,0.082177152746378,-0.012478251586189,0.20808000129639,model 1
w4.prescription,raceNon Hispanic Black/Af-Am,-1.86682091974199,0.214539003888229,-8.70154557403728,3.27394255697563e-18,-2.28730964064202,-1.44633219884196,model 1
w4.prescription,raceNon Hispanic Asian/Pacific Islander,-0.551222985521982,0.325682092925461,-1.69251855565833,0.0905471451961844,-1.18954815806551,0.087102187021548,model 1
w4.prescription,raceHispanic,-0.585494849202613,0.2392435581196,-2.44727529470164,0.0143940848481665,-1.05440360665024,-0.116586091754982,model 1
w4.prescription,raceMultiple Races or Other,0.0231100144527782,0.204815655512793,0.112833242141174,0.910162763206215,-0.378321293822258,0.424541322727814,model 1
w4.prescription,pseudo.gpa,-0.10181767317544,0.0699216046589434,-1.45616900058395,0.145345906736873,-0.238861500048217,0.0352261536973374,model 1
w4.prescription,sespc_al,0.071115974349897,0.0531036452638612,1.33919195182433,0.180508191809542,-0.032965257815062,0.175197206514856,model 1
w4.prescription,nhood1_d,0.00024526036872336,0.00577895958094476,0.0424402291256835,0.966147759019284,-0.0110812922780411,0.0115718130154878,model 1
,,,,,,,,
w4.prescription,(Intercept),-0.792794900487299,0.262529355925606,-3.01983333517931,0.00252913816437292,-1.30734298298598,-0.278246817988615,model 2
w4.prescription,w4.GE_male_std,0.21794873338033,0.0522150116611053,4.17406271581242,2.99215329082774e-05,0.115609191072225,0.320288275688435,model 2
w4.prescription,raceNon Hispanic Black/Af-Am,-1.82278601800025,0.211823060556665,-8.60522935137476,7.61643119686445e-18,-2.23795158778636,-1.40762044821414,model 2
w4.prescription,raceNon Hispanic Asian/Pacific Islander,-0.494878009339146,0.320938416110958,-1.54197186904559,0.123080429705393,-1.12390574617195,0.134149727493661,model 2
w4.prescription,raceHispanic,-0.576258694104264,0.238372670067707,-2.41746964507543,0.0156288374916099,-1.04346054233562,-0.109056845872908,model 2
w4.prescription,raceMultiple Races or Other,0.0443553266951662,0.206593646409568,0.214698406587164,0.83000246497135,-0.36056077970239,0.449271433092722,model 2
w4.prescription,pseudo.gpa,-0.101987495429582,0.0692148317400658,-1.47349192168224,0.140618440516315,-0.237646072836111,0.0336710819769465,model 2
w4.prescription,sespc_al,0.0741541569479467,0.0527295894422169,1.40631015208657,0.159632046832579,-0.0291939392783819,0.177502253174275,model 2
w4.prescription,nhood1_d,0.000675247658478646,0.00576162680201046,0.117197396097058,0.906703630314171,-0.0106173333658225,0.0119678286827798,model 2
,,,,,,,,
w4.prescription,(Intercept),-0.724790247702857,0.260545554004623,-2.78181775341289,0.00540553855259611,-1.23545014988395,-0.214130345521761,model 3
w4.prescription,delta_w1_w4_GE,0.0604670361688524,0.0383548610299963,1.57651558485801,0.114907029957657,-0.0147071100819791,0.135641182419684,model 3
w4.prescription,raceNon Hispanic Black/Af-Am,-1.8190085018677,0.211848117095463,-8.58638031249538,8.97522223649736e-18,-2.23422318156743,-1.40379382216797,model 3
w4.prescription,raceNon Hispanic Asian/Pacific Islander,-0.550121610089374,0.319448110761711,-1.72210005805836,0.085051394601805,-1.17622840211169,0.0759851819329407,model 3
w4.prescription,raceHispanic,-0.59692758229491,0.241408089845494,-2.47269088072796,0.0134100079026032,-1.07007874396869,-0.123776420621132,model 3
w4.prescription,raceMultiple Races or Other,0.0457708946807368,0.205261017224869,0.222988735511301,0.823544273555167,-0.356533306510062,0.448075095871535,model 3
w4.prescription,pseudo.gpa,-0.117260474891804,0.0697530409713871,-1.68108046988094,0.0927472853245501,-0.253973923007869,0.0194529732242618,model 3
w4.prescription,sespc_al,0.0710079646369894,0.0526266350236794,1.34927807193143,0.177247666187435,-0.0321383446369565,0.174154273910935,model 3
w4.prescription,nhood1_d,0.000506019040999413,0.00571565096791688,0.0885321801208299,0.929453708708993,-0.0106964510043192,0.011708489086318,model 3
,,,,,,,,
w4.prescription,(Intercept),-0.809336165703129,0.265440751287966,-3.04902755803728,0.00229583420497371,-1.3295904782568,-0.289081853149461,model 4
w4.prescription,w1.GE_male_std,0.0714446186911545,0.0573235799906247,1.24633909296732,0.212639931535177,-0.0409075335553707,0.18379677093768,model 4
w4.prescription,w4.GE_male_std,0.208095611031101,0.0527706482580712,3.94339690529144,8.03355348994983e-05,0.10466704100445,0.311524181057752,model 4
w4.prescription,raceNon Hispanic Black/Af-Am,-1.8439043065798,0.213952357920104,-8.61829392536239,6.79590518522765e-18,-2.26324322251062,-1.42456539064897,model 4
w4.prescription,raceNon Hispanic Asian/Pacific Islander,-0.48875077857319,0.323643900499019,-1.51014982151555,0.131005199159945,-1.12308116736733,0.145579610220952,model 4
w4.prescription,raceHispanic,-0.570714086111463,0.237408810422759,-2.40392968186472,0.0162198929174324,-1.03602680415257,-0.105401368070359,model 4
w4.prescription,raceMultiple Races or Other,0.0357280000509282,0.205586654427144,0.1737855998021,0.862033961875893,-0.367214438328355,0.438670438430212,model 4
w4.prescription,pseudo.gpa,-0.0941406005638742,0.0694387126866624,-1.35573654697024,0.175183006721262,-0.230237976562557,0.0419567754348087,model 4
w4.prescription,sespc_al,0.0744781926132299,0.0529106615250132,1.40762164876772,0.159243133523167,-0.0292247983739851,0.178181183600445,model 4
w4.prescription,nhood1_d,0.000604804351442014,0.00577705486232656,0.10469077511901,0.916621182124571,-0.01071801511543,0.0119276238183141,model 4
,,,,,,,,
w4.prescription,(Intercept),-0.896470770601848,0.301864424510197,-2.96977946989433,0.00298013602408148,-1.48811417085574,-0.304827370347952,model 5
w4.prescription,delta_w1_w4_GE,0.0802884970168499,0.065034510712871,1.23455218063108,0.216997215279228,-0.0471768017325615,0.207753795766261,model 5
w4.prescription,above_school_avg,0.264371824972863,0.149468149000782,1.76875024371567,0.07693556347467,-0.0285803639045357,0.557324013850263,model 5
w4.prescription,raceNon Hispanic Black/Af-Am,-1.81898592250533,0.211933699320684,-8.5828064547345,9.25860622986256e-18,-2.23436834028421,-1.40360350472645,model 5
w4.prescription,raceNon Hispanic Asian/Pacific Islander,-0.512457898449364,0.323998875035674,-1.58166567211982,0.113725913254003,-1.14748402455078,0.122568227652051,model 5
w4.prescription,raceHispanic,-0.581424000080262,0.241116866565683,-2.41137838410767,0.015892351056721,-1.05400437461415,-0.108843625546373,model 5
w4.prescription,raceMultiple Races or Other,0.0388321464488224,0.206147860456466,0.188370358842618,0.850586333959035,-0.365210235535839,0.442874528433484,model 5
w4.prescription,pseudo.gpa,-0.104751656789179,0.0697651320413756,-1.50149012442282,0.133228839079182,-0.241488802966957,0.0319854893885983,model 5
w4.prescription,sespc_al,0.0695125226469834,0.0524972705026403,1.32411689181988,0.185464226399166,-0.0333802368248486,0.172405282118815,model 5
w4.prescription,nhood1_d,0.000460093224141052,0.00568590887578176,0.0809181494449809,0.935507046126416,-0.0106840833917678,0.0116042698400499,model 5
w4.prescription,delta_w1_w4_GE:above_school_avg,0.0888518051396459,0.0811050832296348,1.09551462869568,0.273291240219567,-0.0701112369535618,0.247814847232853,model 5
,,,,,,,,
delta_w1_w4_GE,(Intercept),0.255712618870861,0.115292291430468,2.2179507033658,0.0265581938155235,0.0297438799720484,0.481681357769674,model 0
delta_w1_w4_GE,raceNon Hispanic Black/Af-Am,-0.257846574625352,0.0709059274685987,-3.63646007930072,0.00027641045721333,-0.396819638754214,-0.118873510496489,model 0
delta_w1_w4_GE,raceNon Hispanic Asian/Pacific Islander,-0.382168662937734,0.120245029630131,-3.17824914770505,0.00148167369303593,-0.617844590332743,-0.146492735542725,model 0
delta_w1_w4_GE,raceHispanic,-0.0485243222773165,0.0702864225129673,-0.690379742522308,0.48995541249683,-0.186283179004898,0.0892345344502646,model 0
delta_w1_w4_GE,raceMultiple Races or Other,-0.0955010811208262,0.12675209448669,-0.753447755696492,0.451180894672665,-0.343930621279756,0.152928459038104,model 0
delta_w1_w4_GE,pseudo.gpa,-0.0139263572811272,0.0308474802413405,-0.451458503974132,0.651659125974277,-0.0743863075679654,0.0465335930057111,model 0
delta_w1_w4_GE,sespc_al,-0.0117140033412571,0.0197679645752945,-0.59257508766972,0.553465555461752,-0.050458501956498,0.0270304952739838,model 0
delta_w1_w4_GE,nhood1_d,-0.00354139507945503,0.00266996449869866,-1.32638283437143,0.184712921696863,-0.00877442933690495,0.00169163917799489,model 0
delta_w1_w4_GE,w1.GE_male_std_school,-0.831173167205428,0.0213153821035054,-38.9940543016931,0,-0.872950548445009,-0.789395785965848,model 0
,,,,,,,,
delta_w1_w4_GE,(Intercept),0.00456829981978409,0.154238019363824,0.0296185067639398,0.976371305524959,-0.297732663180102,0.30686926281967,model 1
delta_w1_w4_GE,raceNon Hispanic Black/Af-Am,-0.359317302633645,0.0773884759023267,-4.64303371327722,3.43330301962008e-06,-0.510995928220651,-0.207638677046639,model 1
delta_w1_w4_GE,raceNon Hispanic Asian/Pacific Islander,-0.231026259163968,0.187577931381302,-1.2316281423018,0.218088023392577,-0.598672248965846,0.136619730637909,model 1
delta_w1_w4_GE,raceHispanic,0.0235902483214976,0.0835045805516105,0.282502446760002,0.777558270713952,-0.140075722103783,0.187256218746778,model 1
delta_w1_w4_GE,raceMultiple Races or Other,-0.181481570745404,0.154559754280377,-1.17418387205889,0.24032138455538,-0.484413122594303,0.121449981103495,model 1
delta_w1_w4_GE,pseudo.gpa,0.0625376574543324,0.039797939514016,1.57137927787211,0.116094576380299,-0.0154648706520425,0.140540185560707,model 1
delta_w1_w4_GE,sespc_al,-0.000669854759026487,0.0222173833158427,-0.030150029348813,0.975947401196035,-0.0442151258887993,0.0428754163707463,model 1
delta_w1_w4_GE,nhood1_d,-0.0025338758831681,0.00313053011300137,-0.809407925081025,0.418280545166904,-0.00866960215716888,0.00360185039083268,model 1
delta_w1_w4_GE,katz_centrality_R,0.0134961162617301,0.0159814064240809,0.844488645341879,0.398396405722876,-0.0178268647517655,0.0448190972752257,model 1
,,,,,,,,
delta_w1_w4_GE,(Intercept),0.0188604515799585,0.148598132373715,0.126922534480619,0.899001710942678,-0.272386536042438,0.310107439202355,model 2
delta_w1_w4_GE,raceNon Hispanic Black/Af-Am,-0.360909207409956,0.0779451548600736,-4.63029688064455,3.65141818947508e-06,-0.513678903705097,-0.208139511114814,model 2
delta_w1_w4_GE,raceNon Hispanic Asian/Pacific Islander,-0.235875997871398,0.186996338004629,-1.26139367427376,0.207167046275376,-0.602382085601349,0.130630089858554,model 2
delta_w1_w4_GE,raceHispanic,0.0221425878101473,0.0837213419957208,0.264479609169178,0.791410375109819,-0.141948227238826,0.186233402859121,model 2
delta_w1_w4_GE,raceMultiple Races or Other,-0.18117700210928,0.154624237097559,-1.17172446901043,0.241307695766991,-0.484234937957477,0.121880933738918,model 2
delta_w1_w4_GE,pseudo.gpa,0.0638258835051762,0.0399783104068618,1.5965127804456,0.110374354651535,-0.0145301650550356,0.142181932065388,model 2
delta_w1_w4_GE,sespc_al,7.50874753633903e-06,0.0223194157072463,0.000336422226944821,0.999731573904273,-0.043737742194644,0.0437527596897167,model 2
delta_w1_w4_GE,nhood1_d,-0.00250661922341587,0.00313126254474313,-0.800513910155528,0.423413107516515,-0.00864378103725165,0.0036305425904199,model 2
delta_w1_w4_GE,mbff_reciprocity,0.0519748797808437,0.0680911348781911,0.763313460317883,0.445276476494916,-0.0814812922468698,0.185431051808557,model 2
,,,,,,,,
delta_w1_w4_GE,(Intercept),0.0280441346199733,0.149560214414982,0.18751066070392,0.851260265898747,-0.26508849915348,0.321176768393426,model 3
delta_w1_w4_GE,raceNon Hispanic Black/Af-Am,-0.365205285904143,0.0778317482409624,-4.69224055938574,2.70229110790083e-06,-0.517752709310218,-0.212657862498068,model 3
delta_w1_w4_GE,raceNon Hispanic Asian/Pacific Islander,-0.23954275171518,0.187328732606608,-1.27872936725741,0.200992374391826,-0.606700320893665,0.127614817463306,model 3
delta_w1_w4_GE,raceHispanic,0.0193223612322244,0.0836461030292373,0.231001332189625,0.81731376708081,-0.144620988152207,0.183265710616656,model 3
delta_w1_w4_GE,raceMultiple Races or Other,-0.184785180827137,0.155058919608657,-1.19170945659562,0.23337518877759,-0.488695078741796,0.119124717087523,model 3
delta_w1_w4_GE,pseudo.gpa,0.065340376111941,0.0396970874337998,1.64597405844711,0.0997691000421432,-0.012464485549444,0.143145237773326,model 3
delta_w1_w4_GE,sespc_al,0.000732858278624538,0.0222254201511828,0.0329738773728216,0.973695419146598,-0.0428281647589644,0.0442938813162135,model 3
delta_w1_w4_GE,nhood1_d,-0.00253169785851048,0.00313112330234788,-0.808558978374338,0.418768868589167,-0.00866858676226645,0.00360519104524548,model 3
delta_w1_w4_GE,fbff_reciprocity,-0.0214706685836436,0.106023088960583,-0.202509366536434,0.839518536670086,-0.229272104476072,0.186330767308785,model 3
,,,,,,,,
delta_w1_w4_GE,(Intercept),0.00370001651146401,0.150383175644039,0.0246039259087203,0.980370887826486,-0.291045591631614,0.298445624654542,model 4
delta_w1_w4_GE,raceNon Hispanic Black/Af-Am,-0.359821245931701,0.0776506470278394,-4.63384736256862,3.58931687055045e-06,-0.512013717482498,-0.207628774380904,model 4
delta_w1_w4_GE,raceNon Hispanic Asian/Pacific Islander,-0.228043167231832,0.18712396375914,-1.21867430900171,0.222967832683342,-0.594799396844125,0.138713062380461,model 4
delta_w1_w4_GE,raceHispanic,0.0246560977406995,0.0832247805575954,0.29625908984688,0.767032225851576,-0.138461474773437,0.187773670254836,model 4
delta_w1_w4_GE,raceMultiple Races or Other,-0.178896948055695,0.154416797491734,-1.15853295082921,0.246646612883771,-0.481548309747508,0.123754413636118,model 4
delta_w1_w4_GE,pseudo.gpa,0.0607116960235022,0.0399134247787421,1.52108460649654,0.128238606903892,-0.0175171790424808,0.138940571089485,model 4
delta_w1_w4_GE,sespc_al,-0.0017748493592687,0.0222454317948365,-0.0797848913717502,0.93640834095204,-0.0453750944976904,0.041825395779153,model 4
delta_w1_w4_GE,nhood1_d,-0.00259809144485049,0.00312426273096017,-0.831585455059352,0.405642974777035,-0.00872153387577317,0.0035253509860722,model 4
delta_w1_w4_GE,nominations,0.00791192132745203,0.00624417468967012,1.26708840169717,0.205123682237088,-0.00432643617747798,0.020150278832382,model 4
,,,,,,,,
delta_w1_w4_GE,(Intercept),0.0165897785596763,0.150124552613825,0.110506764355536,0.912007485547588,-0.277648937758609,0.310828494877961,model 5
delta_w1_w4_GE,raceNon Hispanic Black/Af-Am,-0.361241887226558,0.0779903856456123,-4.63187717609242,3.62365115178345e-06,-0.514100234232347,-0.208383540220768,model 5
delta_w1_w4_GE,raceNon Hispanic Asian/Pacific Islander,-0.233465340669596,0.18676423143759,-1.25005381850974,0.211279888191832,-0.599516507887574,0.132585826548383,model 5
delta_w1_w4_GE,raceHispanic,0.0228276565510012,0.0835116940185855,0.273346826684187,0.784586622888247,-0.140852256013356,0.186507569115358,model 5
delta_w1_w4_GE,raceMultiple Races or Other,-0.182322748759602,0.15459823292889,-1.17933268256348,0.238265729068588,-0.485329717373761,0.120684219854556,model 5
delta_w1_w4_GE,pseudo.gpa,0.0642538841848783,0.0397348772198745,1.6170651246593,0.105864223990097,-0.0136250440961968,0.142132812465953,model 5
delta_w1_w4_GE,sespc_al,-0.000304804847047872,0.0222842215829402,-0.0136780567323571,0.989086830001967,-0.0439810765731208,0.043371466879025,model 5
delta_w1_w4_GE,nhood1_d,-0.0025738484960371,0.00312887831474222,-0.822610609019211,0.410729463680764,-0.00870633730494023,0.00355864031286603,model 5
delta_w1_w4_GE,num_bff_noms,0.0134090968999848,0.0200978251132653,0.667191441084555,0.504649857468243,-0.0259819164895997,0.0528001102895693,model 5
,,,,,,,,
delta_w1_w4_GE,(Intercept),0.0116980030302675,0.155748359543018,0.0751083546856653,0.940128500525653,-0.293563172325242,0.316959178385777,model 6
delta_w1_w4_GE,raceNon Hispanic Black/Af-Am,-0.362366490986939,0.0790394503060802,-4.58462817724156,4.54795025434671e-06,-0.517280966944699,-0.207452015029178,model 6
delta_w1_w4_GE,raceNon Hispanic Asian/Pacific Islander,-0.231196989743531,0.186897297483274,-1.23702692792667,0.216077085763916,-0.597508961618617,0.135114982131555,model 6
delta_w1_w4_GE,raceHispanic,0.0236297090741308,0.0835381511342185,0.282861288564617,0.777283170413808,-0.140102058484001,0.187361476632263,model 6
delta_w1_w4_GE,raceMultiple Races or Other,-0.176669279539042,0.154900221203962,-1.14053600547424,0.254063061116634,-0.480268134296095,0.12692957521801,model 6
delta_w1_w4_GE,pseudo.gpa,0.0594858006962693,0.040097936960178,1.48351274918073,0.137938231698862,-0.0191047116000369,0.138076312992576,model 6
delta_w1_w4_GE,sespc_al,-0.00179663572573972,0.0221545603697424,-0.0810955259664494,0.935365983732109,-0.0452187761437532,0.0416255046922737,model 6
delta_w1_w4_GE,nhood1_d,-0.00259453574545173,0.00313568071693912,-0.827423446346405,0.407997095817968,-0.00874035701766914,0.00355128552676568,model 6
delta_w1_w4_GE,katz_centrality_R,-0.00988383174305977,0.0264296471559456,-0.373967601033082,0.708428420794636,-0.0616849882928145,0.041917324806695,model 6
delta_w1_w4_GE,num_bff_noms,-0.00994074908050926,0.0331990712367625,-0.299428529479509,0.764613096753246,-0.0750097330247434,0.0551282348637249,model 6
delta_w1_w4_GE,nominations,0.0128219067728284,0.0116530501492804,1.10030477931309,0.271199350478611,-0.0100176518298003,0.0356614653754572,model 6
delta_w1_w4_GE,mbff_reciprocity,0.0416095750461443,0.0730155977173385,0.569872415579275,0.568764235197108,-0.101498366789504,0.184717516881793,model 6
delta_w1_w4_GE,fbff_reciprocity,-0.0464069947551882,0.11948590266316,-0.388388870325674,0.69772827926681,-0.28059506063524,0.187781071124864,model 6
